Year,BWA_education,BWA_life_expectancy,KEN_education,KEN_life_expectancy,NAM_education,NAM_life_expectancy,ZAF_education,ZAF_life_expectancy,ZWE_education,ZWE_life_expectancy,BWA_FAO_CP_23012,BWA_FAO_CP_23013,BWA_FAO_CP_23014,KEN_FAO_CP_23012,KEN_FAO_CP_23013,KEN_FAO_CP_23014,NAM_FAO_CP_23012,NAM_FAO_CP_23013,NAM_FAO_CP_23014,ZAF_FAO_CP_23012,ZAF_FAO_CP_23013,ZAF_FAO_CP_23014,ZWE_FAO_CP_23012,ZWE_FAO_CP_23013,ZWE_FAO_CP_23014
2001,7.486780167,52.21,2.882999897,56.501,7.402699947,51.98,,57.161,,44.525,35.31297791666667,33.63255175,2.7293594166666666,26.821071416666665,23.00570491666667,7.878677,41.23945941666667,35.20802291666667,9.424651416666666,48.68014441666667,37.24631708333333,5.37180975,90.41964175,92.06958991666666,1.8662124166666665
2002,7.803410053,52.373,2.876719952,56.759,6.050169945,51.988,,55.58,,45.938,38.14959758333333,36.53846983333333,8.618514166666666,27.347115083333335,23.606976333333336,2.6021758333333334,48.54544016666667,40.52409016666667,15.0360905,53.30218475,43.724882083333334,17.33448625,91.27204116666667,93.75627833333333,1.8320222499999999
2003,9.079600334,52.851,,57.369,6.391029835,51.918,,54.245,,45.373,41.65550841666667,40.04040066666666,9.632258333333333,30.0314235,26.71948433333333,13.191143416666668,52.00971691666667,44.191890916666665,9.301029916666666,56.32944191666667,47.29478483333333,8.426041333333334,92.12444083333334,95.44296666666666,1.79906175
2004,9.568779945,53.573,2.962670088,57.947,,52.175,,53.963,,46.043,44.548776833333335,41.916756416666665,4.6934466666666665,33.52228683333333,30.979831,15.948863000000001,54.161167750000004,44.6233755,0.9785165,55.93961983333333,47.96848741666667,1.4256932500000001,92.97684033333333,97.12965508333333,1.7672669166666666
2005,9.230779648,54.386,3.000999928,58.51,7.107049942,52.557,,53.914,,46.57,48.384526666666666,44.171826333333335,5.363876083333333,36.97936608333333,35.08685033333334,13.693719000000002,55.397096250000004,45.213939583333335,1.32647375,57.093572083333335,48.778460833333334,1.6899380833333335,93.82923991666667,98.81634341666667,1.7365761666666666
2006,10.06980991,55.112,,59.059,6.752779961,53.183,,54.22,,47.056,53.97546458333333,49.68039383333333,12.507787333333333,42.32426541666667,37.91274825,8.095282083333332,58.145438750000004,48.15102758333333,6.484151,58.94563483333334,51.68396725,5.949541166666666,94.6816395,100.50303175,1.7069333333333334
2007,10.22327995,56.735,,59.407,,54.026,,54.948,,47.576,57.797466500000006,55.30946125,11.277241916666666,46.45463966666667,40.07277316666667,5.680107083333333,61.95273325,53.886917583333336,11.880674333333333,62.58718533333333,56.850285250000006,9.955820083333334,95.53403908333333,102.18972016666667,1.6782853333333332
2008,14.26593971,57.661,,59.955,9.493689537,54.74,,55.982,,48.456,65.1390095,66.49873925,20.136788,58.644251999999994,48.284627416666666,20.467774833333333,67.58711316666667,62.932095,16.754456666666666,68.78956583333333,65.74271675,15.615293833333332,96.38643858333334,103.87640849999998,1.6505832500000002
2009,21.9871006,58.297,3.992300034,60.483,,55.347,,57.413,,49.75,70.36791141666667,76.00962525,14.692717,64.05984675,54.95608241666667,13.9729555,73.97526225,69.56200416666667,10.68608725,73.76862025,71.898222,9.570964416666667,91.39096725,92.995292,-10.456386
2010,19.53989029,59.137,,60.915,,56.093,,58.886,6.945772014,51.925,75.25763933333333,78.77509841666667,3.6383995000000002,66.597128,58.13063708333333,5.789816833333333,77.581497,71.76619441666666,3.1899189999999997,76.76915558333333,72.76215266666667,1.2031810833333332,94.15341466666666,96.54104008333333,4.138334166666667
2011,17.51345062,59.715,,61.283,,56.647,,60.602,7.111226644,53.911,81.62433983333334,84.19329116666667,6.861026249999999,75.93570466666667,70.05171158333333,20.40766616666667,81.46491266666666,75.30483316666667,4.925472249999999,80.60826825,77.92173791666666,7.08178375,97.41689433333333,100.40912816666666,4.022698416666667
2012,21.66636086,60.384,,61.537,16.90486031,57.733,17.94472348,61.737,7.128741472,55.386,87.77628666666668,90.88189725000001,7.958012583333333,83.05678041666667,77.04202641666667,10.529271,86.94098216666667,82.11784308333334,9.065355666666667,85.23354791666667,83.50128958333333,7.191117916666666,101.04599175,105.02446091666667,4.6003222500000005
2013,26.33709908,61.217,,61.729,17.46039998,58.468,18.60882253,62.388,7.318736557,56.842,92.94157633333333,95.78710441666668,5.4232465,87.80554641666667,82.63218825,7.2937338333333335,91.81048141666668,87.44739783333334,6.513482,90.160191,88.21691058333333,5.666035916666666,102.69804366666666,106.79733475,1.70887
2014,24.83556485,62.167,,61.99,18.46530693,59.311,18.48133564,63.184,,58.106,97.03309958333334,98.68684891666668,3.0309079166666666,93.84494791666667,89.82820991666667,8.722540416666666,96.72249799999999,94.67919433333333,8.275044750000001,95.68956200000001,95.27234349999999,8.000521333333333,102.49492266666665,103.50066875,-3.082368916666667
2015,26.86929255,63.215,9.253194962,62.279,19.6551505,60.008,19.03329495,64.053,11.04890204,58.989,100.00428383333333,100.00029808333333,1.3340660833333333,100.02196741666667,100.05638991666666,11.36834725,100.00527441666667,100.01181274999999,5.637016416666667,100.01347750000001,100.01196266666666,4.981423416666666,100.00330316666667,100.01352833333334,-3.3742622499999997
2016,22.66058553,64.32,11.63478833,62.526,21.43670362,60.81,18.92929803,64.749,,59.76,102.81936225,102.69347108333334,2.6914634166666667,106.32060016666667,110.14473291666667,10.096866916666666,106.73421166666667,110.78931108333335,10.752243666666667,106.61727574999999,111.66302641666668,11.629826333333334,98.45958258333333,96.76081749999999,-3.2364965
2017,21.47628852,65.42,11.80492321,62.725,22.48017555,61.661,21.09029096,65.422,,60.263,106.22091566666667,106.22928291666666,3.452783333333333,114.83225499999999,124.87691033333333,13.508745083333332,113.29388275000001,116.98048975,5.686487083333333,112.14664666666665,119.29441308333332,6.9026353333333335,99.33977433333332,99.20767649999999,2.5349850000000003
2018,,66.371,,62.825,23.70016904,62.579,22.35154252,65.726,,60.906,109.66036541666666,105.682945,-0.51226775,120.21766550000001,126.59011724999999,1.4073664166666668,118.15599275,120.71992483333334,3.195846,117.2043175,123.05011116666667,3.149937583333333,109.88853158333332,113.94743775,14.589943083333333
2019,21.49654802,67.167,10.49755955,62.939,25.89665112,63.546,22.24424651,66.071,,61.06,112.70109866666667,107.160076,1.4015651666666666,126.51663608333332,136.94177666666667,8.239073916666667,122.55422441666667,125.89829941666666,4.30225775,122.01303566666667,127.41776025,3.5480257500000003,390.439437,519.8769425,324.18259616666666
2020,22.40178705,67.643,,61.596,25.98704841,64.071,22.61487426,65.15,,61.53,114.83155416666666,111.15950258333334,3.7303901666666666,133.35506516666666,149.34021525,9.194129083333333,125.26191591666667,132.47849449999998,5.228661166666666,125.95697100000001,133.009311,4.385099583333333,2565.9750763333336,3644.4425676666665,728.5895881666667
2021,21.2032905,63.303,,61.225,26.60573457,60.85,22.343129,62.01,,60.135,123.1464815,119.09338266666667,7.13566625,141.50030716666666,162.03378216666667,8.503890583333334,129.79252083333333,140.06949899999998,5.735919916666667,131.77460274999999,141.12065908333332,6.098591666666667,5094.643572083333,7500.208767666667,156.98910116666667
2022,20.70956137,68.749,,63.549,26.10926547,64.19,23.72710362,65.454,,62.36,137.51221733333333,130.91742441666665,9.936127666666666,152.3390365,182.62932225,12.673821333333334,137.68556875,150.820907,7.6516655,141.051367,154.22360583333332,9.2504165,10428.998817,18748.0494375,144.82083483333335
2023,20.56582325,69.163,8.676767301,63.646,,67.385,23.4937688,66.139,,62.775,144.48080775,146.2376755,11.938615583333332,164.02556783333333,200.29338791666666,9.758496166666667,145.78139025,167.880531,11.381434,149.62058158333335,170.91426466666667,10.904351166666666,19918.589875,38837.42558083333,115.15471425
2024,21.40879085,69.293,10.41859625,63.834,,67.516,,66.312,7.749129578,63.064,,,,,,,,,,,,,,,
