Country Name,Country Code,Series Name,Series Code,2001 [YR2001],2002 [YR2002],2003 [YR2003],2004 [YR2004],2005 [YR2005],2006 [YR2006],2007 [YR2007],2008 [YR2008],2009 [YR2009],2010 [YR2010],2011 [YR2011],2012 [YR2012],2013 [YR2013],2014 [YR2014],2015 [YR2015],2016 [YR2016],2017 [YR2017],2018 [YR2018],2019 [YR2019],2020 [YR2020],2021 [YR2021],2022 [YR2022],2023 [YR2023],2024 [YR2024],2025 [YR2025]
Botswana,BWA,"Literacy rate, adult total (% of people ages 15 and above)",SE.ADT.LITR.ZS,..,..,81.19000244,..,..,..,..,..,..,..,..,..,..,..,..,..,..,..,..,..,..,..,..,..,..
Botswana,BWA,"Life expectancy at birth, total (years)",SP.DYN.LE00.IN,52.21,52.373,52.851,53.573,54.386,55.112,56.735,57.661,58.297,59.137,59.715,60.384,61.217,62.167,63.215,64.32,65.42,66.371,67.167,67.643,63.303,68.749,69.163,69.293,..
Botswana,BWA,"School enrollment, tertiary (% gross)",SE.TER.ENRR,7.486780167,7.803410053,9.079600334,9.568779945,9.230779648,10.06980991,10.22327995,14.26593971,21.9871006,19.53989029,17.51345062,21.66636086,26.33709908,24.83556485,26.86929255,22.66058553,21.47628852,..,21.49654802,22.40178705,21.2032905,20.70956137,20.56582325,21.40879085,..
Botswana,BWA,"Labor force participation rate, total (% of total population ages 15+) (national estimate)",SL.TLF.CACT.NE.ZS,55.044,..,53.5,..,..,58.852,..,..,62.186,59.126,58.678,..,69.58,..,..,..,..,..,63.895,66.288,64.18,64.604,67.828,69.055,..
Botswana,BWA,"Labor force, total",SL.TLF.TOTL.IN,627315,647894,667858,688033,708319,728696,758634,789289,820510,802345,828613,849151,865462,882070,899557,918682,939892,962977,987878,973488,1036012,1065472,1146757,1173288,1199393
Botswana,BWA,"Literacy rate, youth total (% of people ages 15-24)",SE.ADT.1524.LT.ZS,..,..,93.95999908,..,..,..,..,..,..,..,..,..,..,..,..,..,..,..,..,..,..,..,..,..,..
Kenya,KEN,"Literacy rate, adult total (% of people ages 15 and above)",SE.ADT.LITR.ZS,..,..,..,..,..,..,..,..,..,..,..,..,..,..,..,..,..,..,..,..,..,..,..,..,..
Kenya,KEN,"Life expectancy at birth, total (years)",SP.DYN.LE00.IN,56.501,56.759,57.369,57.947,58.51,59.059,59.407,59.955,60.483,60.915,61.283,61.537,61.729,61.99,62.279,62.526,62.725,62.825,62.939,61.596,61.225,63.549,63.646,63.834,..
Kenya,KEN,"School enrollment, tertiary (% gross)",SE.TER.ENRR,2.882999897,2.876719952,..,2.962670088,3.000999928,..,..,..,3.992300034,..,..,..,..,..,9.253194962,11.63478833,11.80492321,..,10.49755955,..,..,..,8.676767301,10.41859625,..
Kenya,KEN,"Labor force participation rate, total (% of total population ages 15+) (national estimate)",SL.TLF.CACT.NE.ZS,..,..,..,..,63.257,..,..,..,76.521,..,..,..,..,..,..,74.405,..,..,67.803,..,68.698,..,..,..,..
Kenya,KEN,"Labor force, total",SL.TLF.TOTL.IN,12475700,12985820,13497803,14027425,14559284,15091974,15623317,16164677,16722668,17284448,17856484,18441629,19043674,19660028,20289697,20945264,20983194,20958591,20875750,21267487,22012863,22679572,23353083,24031329,24711751
Kenya,KEN,"Literacy rate, youth total (% of people ages 15-24)",SE.ADT.1524.LT.ZS,..,..,..,..,..,..,..,..,..,..,..,..,..,93.18,..,..,..,..,..,..,..,..,..,..,..
Namibia,NAM,"Literacy rate, adult total (% of people ages 15 and above)",SE.ADT.LITR.ZS,84.94000244,..,..,..,..,..,..,..,..,..,88.26999664,..,..,..,..,88.13049792,..,88.28323766,..,..,..,..,87.63999939,..,..
Namibia,NAM,"Life expectancy at birth, total (years)",SP.DYN.LE00.IN,51.98,51.988,51.918,52.175,52.557,53.183,54.026,54.74,55.347,56.093,56.647,57.733,58.468,59.311,60.008,60.81,61.661,62.579,63.546,64.071,60.85,64.19,67.385,67.516,..
Namibia,NAM,"School enrollment, tertiary (% gross)",SE.TER.ENRR,7.402699947,6.050169945,6.391029835,..,7.107049942,6.752779961,..,9.493689537,..,..,..,16.90486031,17.46039998,18.46530693,19.6551505,21.43670362,22.48017555,23.70016904,25.89665112,25.98704841,26.60573457,26.10926547,..,..,..
Namibia,NAM,"Labor force participation rate, total (% of total population ages 15+) (national estimate)",SL.TLF.CACT.NE.ZS,54.425,..,..,48.038,..,..,..,55.4,..,60.153,..,57.533,61.701,60.825,..,60.453,..,58.879,..,..,..,..,..,..,..
Namibia,NAM,"Labor force, total",SL.TLF.TOTL.IN,593289,610372,627019,643871,662309,682001,701719,721316,740620,759361,778067,800026,881059,892359,914121,935710,947334,958630,984283,960250,994464,1064363,1094377,1124198,1152801
Namibia,NAM,"Literacy rate, youth total (% of people ages 15-24)",SE.ADT.1524.LT.ZS,92.41999817,..,..,..,..,..,91.2,..,..,..,94.41999817,..,94.16,..,..,94.76483175,..,92.81268394,..,..,..,..,92.12999725,..,..
Zimbabwe,ZWE,"Literacy rate, adult total (% of people ages 15 and above)",SE.ADT.LITR.ZS,..,..,..,..,..,..,..,..,..,..,..,..,..,..,..,..,..,..,93.23000336,..,..,..,..,..,..
Zimbabwe,ZWE,"Life expectancy at birth, total (years)",SP.DYN.LE00.IN,44.525,45.938,45.373,46.043,46.57,47.056,47.576,48.456,49.75,51.925,53.911,55.386,56.842,58.106,58.989,59.76,60.263,60.906,61.06,61.53,60.135,62.36,62.775,63.064,..
Zimbabwe,ZWE,"School enrollment, tertiary (% gross)",SE.TER.ENRR,..,..,..,..,..,..,..,..,..,6.945772014,7.111226644,7.128741472,7.318736557,..,11.04890204,..,..,..,..,..,..,..,..,7.749129578,..
Zimbabwe,ZWE,"Labor force participation rate, total (% of total population ages 15+) (national estimate)",SL.TLF.CACT.NE.ZS,..,..,..,82.667,..,..,..,..,..,..,82.383,66.836,..,84.522,..,..,..,..,65.795,..,65.339,65.152,67.742,63.444,..
Zimbabwe,ZWE,"Labor force, total",SL.TLF.TOTL.IN,4587960,4639582,4688939,4728584,4760160,4810305,4867035,4911151,4959627,5015581,5081883,5143461,5200964,5270044,5349250,5441038,5543892,5654759,5773237,5805013,6005153,6118687,6499497,6660943,6854692
Zimbabwe,ZWE,"Literacy rate, youth total (% of people ages 15-24)",SE.ADT.1524.LT.ZS,..,..,..,..,..,..,..,..,..,..,..,..,..,..,..,..,..,..,92.51000214,..,..,..,..,..,..
Africa Eastern and Southern,AFE,"Literacy rate, adult total (% of people ages 15 and above)",SE.ADT.LITR.ZS,63.15999985,63.84000015,64.33000183,64.56999969,63.93999863,61.95000076,62.97000122,63.22999954,63.95999908,64.70999908,66.83000183,68.51999664,69.37000275,69.83000183,70.23999786,70.95999908,70.87999725,71.66999817,72.80000305,72.98000336,72.72000122,73.05999756,73.37000275,73.69999695,..
Africa Eastern and Southern,AFE,"Life expectancy at birth, total (years)",SP.DYN.LE00.IN,52.87553605,53.20674433,53.67830477,54.19292787,54.80768071,55.69351526,56.48435318,57.24010632,58.09552714,58.82727921,59.20000403,60.24951236,60.89573975,61.25143602,61.71303052,62.16798132,62.5912751,63.33069136,63.85726128,63.766484,62.97999919,64.48715179,65.14622792,65.34993047,..
Africa Eastern and Southern,AFE,"School enrollment, tertiary (% gross)",SE.TER.ENRR,4.25951004,4.500589848,4.809979916,5.124340057,5.395120144,5.679039955,5.829649925,6.221630096,6.785409927,7.346310139,7.711770058,7.994669914,8.186730385,8.291040421,8.434000015,8.573140144,8.712690353,8.750929832,8.672730446,8.711870193,8.661860466,..,..,..,..
Africa Eastern and Southern,AFE,"Labor force participation rate, total (% of total population ages 15+) (national estimate)",SL.TLF.CACT.NE.ZS,..,..,..,..,..,..,..,..,..,..,..,..,..,..,..,..,..,..,..,..,..,..,..,..,..
Africa Eastern and Southern,AFE,"Labor force, total",SL.TLF.TOTL.IN,165077374,169867381,174808789,179796039,184939364,189833993,194763519,199885621,204642061,209603737,216593145,220782640,230020954,234282265,240328676,245924910,251170980,257765403,264515662,268425249,277268587,287406365,286716203,290536403,299259736
Africa Eastern and Southern,AFE,"Literacy rate, youth total (% of people ages 15-24)",SE.ADT.1524.LT.ZS,71.73999786,73.56999969,73.73999786,73.77999878,72.94999695,71.05000305,72.18000031,72.59999847,73.22000122,74.44999695,77.04000092,78.90000153,79.81999969,79.87000275,80.23999786,80.86000061,81.09999847,81.83000183,82.36000061,82.51000214,82.66999817,82.87000275,83.06999969,83.38999939,..
South Africa,ZAF,"Literacy rate, adult total (% of people ages 15 and above)",SE.ADT.LITR.ZS,..,..,..,..,..,..,88.72000122,..,92.88999939,92.87999725,93.09999847,93.73000336,..,94.13999939,94.37000275,91.73999786,..,..,95.01999664,..,90,..,..,91.15000153,..
South Africa,ZAF,"Life expectancy at birth, total (years)",SP.DYN.LE00.IN,57.161,55.58,54.245,53.963,53.914,54.22,54.948,55.982,57.413,58.886,60.602,61.737,62.388,63.184,64.053,64.749,65.422,65.726,66.071,65.15,62.01,65.454,66.139,66.312,..
South Africa,ZAF,"School enrollment, tertiary (% gross)",SE.TER.ENRR,..,..,..,..,..,..,..,..,..,..,..,17.94472348,18.60882253,18.48133564,19.03329495,18.92929803,21.09029096,22.35154252,22.24424651,22.61487426,22.343129,23.72710362,23.4937688,..,..
South Africa,ZAF,"Labor force participation rate, total (% of total population ages 15+) (national estimate)",SL.TLF.CACT.NE.ZS,50.708,49.599,48.699,46.98,48.458,48.778,48.961,55.786,53.956,52.265,52.171,52.507,53.078,53.314,54.591,54.714,55.359,55.161,55.267,50.548,52.024,53.499,55.02,55.57,..
South Africa,ZAF,"Labor force, total",SL.TLF.TOTL.IN,17886684,18213750,18543438,18856474,19148046,19425615,19701783,19985153,19627941,19313604,19595642,20077789,20696420,21191119,22199948,22454382,22888401,23325105,23899064,22347803,23480812,24587967,25707269,26362253,26731522
South Africa,ZAF,"Literacy rate, youth total (% of people ages 15-24)",SE.ADT.1524.LT.ZS,..,..,..,..,..,..,97.56999969,..,98.37000275,98.63999939,98.79000092,98.87999725,..,98.87999725,98.95999908,96.70999908,..,..,98.41000366,..,96.69999695,..,..,97.16999817,..
,,,,,,,,,,,,,,,,,,,,,,,,,,,,
,,,,,,,,,,,,,,,,,,,,,,,,,,,,
,,,,,,,,,,,,,,,,,,,,,,,,,,,,
Data from database: World Development Indicators,,,,,,,,,,,,,,,,,,,,,,,,,,,,
Last Updated: 07/13/2026,,,,,,,,,,,,,,,,,,,,,,,,,,,,
